--
-- Script was generated by Devart dbForge Studio 2019 for MySQL, Version 8.1.45.0
-- Product home page: http://www.devart.com/dbforge/mysql/studio
-- Script date 23/07/2019 23:02:06
-- Server version: 5.7.26-0ubuntu0.19.04.1
-- Client version: 4.1
--

-- 
-- Disable foreign keys
-- 
/*!40014 SET @OLD_FOREIGN_KEY_CHECKS=@@FOREIGN_KEY_CHECKS, FOREIGN_KEY_CHECKS=0 */;

-- 
-- Set SQL mode
-- 
/*!40101 SET @OLD_SQL_MODE=@@SQL_MODE, SQL_MODE='NO_AUTO_VALUE_ON_ZERO' */;

-- 
-- Set character set the client will use to send SQL statements to the server
--
SET NAMES 'utf8';

DROP DATABASE IF EXISTS seguros;

CREATE DATABASE seguros
CHARACTER SET utf8
COLLATE utf8_spanish_ci;

--
-- Set default database
--
USE seguros;

--
-- Create table `corredurias`
--
CREATE TABLE corredurias (
  idcorreduria int(11) NOT NULL AUTO_INCREMENT,
  correduria varchar(127) DEFAULT NULL,
  tlf varchar(15) DEFAULT NULL,
  email varchar(127) DEFAULT NULL,
  PRIMARY KEY (idcorreduria)
)
ENGINE = INNODB,
AUTO_INCREMENT = 66,
AVG_ROW_LENGTH = 252,
CHARACTER SET utf8,
COLLATE utf8_spanish_ci;

--
-- Create index `correduria` on table `corredurias`
--
ALTER TABLE corredurias
ADD UNIQUE INDEX correduria (correduria);

--
-- Create table `tipos`
--
CREATE TABLE tipos (
  idtipo int(11) NOT NULL AUTO_INCREMENT,
  tipo varchar(255) DEFAULT NULL,
  PRIMARY KEY (idtipo)
)
ENGINE = INNODB,
AUTO_INCREMENT = 101,
AVG_ROW_LENGTH = 163,
CHARACTER SET utf8,
COLLATE utf8_spanish_ci;

--
-- Create index `tipo` on table `tipos`
--
ALTER TABLE tipos
ADD UNIQUE INDEX tipo (tipo);

--
-- Create table `polizas`
--
CREATE TABLE polizas (
  idpoliza int(11) NOT NULL AUTO_INCREMENT,
  poliza varchar(255) DEFAULT NULL,
  precio float DEFAULT NULL,
  idtipo int(11) DEFAULT NULL,
  PRIMARY KEY (idpoliza)
)
ENGINE = INNODB,
AUTO_INCREMENT = 6,
AVG_ROW_LENGTH = 3276,
CHARACTER SET utf8,
COLLATE utf8_spanish_ci;

--
-- Create index `poliza` on table `polizas`
--
ALTER TABLE polizas
ADD UNIQUE INDEX poliza (poliza);

--
-- Create foreign key
--
ALTER TABLE polizas
ADD CONSTRAINT fktipospolizas FOREIGN KEY (idtipo)
REFERENCES tipos (idtipo);

--
-- Create table `ofertan`
--
CREATE TABLE ofertan (
  idcorreduria int(11) NOT NULL,
  idpoliza int(11) NOT NULL,
  fecha date DEFAULT NULL,
  PRIMARY KEY (idcorreduria, idpoliza)
)
ENGINE = INNODB,
AVG_ROW_LENGTH = 163,
CHARACTER SET utf8,
COLLATE utf8_spanish_ci;

--
-- Create foreign key
--
ALTER TABLE ofertan
ADD CONSTRAINT fkcorreduriaofertan FOREIGN KEY (idcorreduria)
REFERENCES corredurias (idcorreduria);

--
-- Create foreign key
--
ALTER TABLE ofertan
ADD CONSTRAINT fkpolizasofertan FOREIGN KEY (idpoliza)
REFERENCES polizas (idpoliza);

--
-- Create table `exclusiones`
--
CREATE TABLE exclusiones (
  idexclusion int(11) NOT NULL AUTO_INCREMENT,
  exclusion varchar(255) DEFAULT NULL,
  PRIMARY KEY (idexclusion)
)
ENGINE = INNODB,
AUTO_INCREMENT = 101,
AVG_ROW_LENGTH = 163,
CHARACTER SET utf8,
COLLATE utf8_spanish_ci;

--
-- Create index `exclusion` on table `exclusiones`
--
ALTER TABLE exclusiones
ADD UNIQUE INDEX exclusion (exclusion);

--
-- Create table `h_excluyen`
--
CREATE TABLE h_excluyen (
  idtipo int(11) NOT NULL,
  idexclusion int(11) NOT NULL,
  PRIMARY KEY (idtipo, idexclusion)
)
ENGINE = INNODB,
AVG_ROW_LENGTH = 163,
CHARACTER SET utf8,
COLLATE utf8_spanish_ci;

--
-- Create foreign key
--
ALTER TABLE h_excluyen
ADD CONSTRAINT fkexclusionesh_excluyen FOREIGN KEY (idexclusion)
REFERENCES exclusiones (idexclusion);

--
-- Create foreign key
--
ALTER TABLE h_excluyen
ADD CONSTRAINT fktiposh_excluyen FOREIGN KEY (idtipo)
REFERENCES tipos (idtipo);

--
-- Create table `excluyen`
--
CREATE TABLE excluyen (
  idpoliza int(11) NOT NULL,
  idexclusion int(11) NOT NULL,
  PRIMARY KEY (idpoliza, idexclusion)
)
ENGINE = INNODB,
AVG_ROW_LENGTH = 163,
CHARACTER SET utf8,
COLLATE utf8_spanish_ci;

--
-- Create foreign key
--
ALTER TABLE excluyen
ADD CONSTRAINT fkexclusionesexcluyen FOREIGN KEY (idexclusion)
REFERENCES exclusiones (idexclusion);

--
-- Create foreign key
--
ALTER TABLE excluyen
ADD CONSTRAINT fkpolizasexcluyen FOREIGN KEY (idpoliza)
REFERENCES polizas (idpoliza);

--
-- Create table `aseguradoras`
--
CREATE TABLE aseguradoras (
  idaseguradora int(11) NOT NULL AUTO_INCREMENT,
  aseguradora varchar(127) DEFAULT NULL,
  PRIMARY KEY (idaseguradora)
)
ENGINE = INNODB,
AUTO_INCREMENT = 101,
AVG_ROW_LENGTH = 163,
CHARACTER SET utf8,
COLLATE utf8_spanish_ci;

--
-- Create index `aseguradora` on table `aseguradoras`
--
ALTER TABLE aseguradoras
ADD UNIQUE INDEX aseguradora (aseguradora);

--
-- Create table `representan`
--
CREATE TABLE representan (
  idaseguradora int(11) NOT NULL,
  idcorreduria int(11) NOT NULL,
  PRIMARY KEY (idaseguradora, idcorreduria)
)
ENGINE = INNODB,
AVG_ROW_LENGTH = 163,
CHARACTER SET utf8,
COLLATE utf8_spanish_ci;

--
-- Create foreign key
--
ALTER TABLE representan
ADD CONSTRAINT fkaseguradorasreprentan FOREIGN KEY (idaseguradora)
REFERENCES aseguradoras (idaseguradora);

--
-- Create foreign key
--
ALTER TABLE representan
ADD CONSTRAINT fkcorreduriasreprensentan FOREIGN KEY (idcorreduria)
REFERENCES corredurias (idcorreduria);

--
-- Create table `emiten`
--
CREATE TABLE emiten (
  idaseguradora int(11) NOT NULL,
  idpoliza int(11) NOT NULL,
  contacto varchar(255) DEFAULT NULL,
  ini date DEFAULT NULL,
  fin date DEFAULT NULL,
  PRIMARY KEY (idaseguradora, idpoliza)
)
ENGINE = INNODB,
AVG_ROW_LENGTH = 163,
CHARACTER SET utf8,
COLLATE utf8_spanish_ci;

--
-- Create foreign key
--
ALTER TABLE emiten
ADD CONSTRAINT fkaseguradorasemiten FOREIGN KEY (idaseguradora)
REFERENCES aseguradoras (idaseguradora);

--
-- Create foreign key
--
ALTER TABLE emiten
ADD CONSTRAINT fkpolizasemiten FOREIGN KEY (idpoliza)
REFERENCES polizas (idpoliza);

--
-- Create table `coberturas`
--
CREATE TABLE coberturas (
  idcobertura int(11) NOT NULL AUTO_INCREMENT,
  cobertura varchar(255) DEFAULT NULL,
  PRIMARY KEY (idcobertura)
)
ENGINE = INNODB,
AUTO_INCREMENT = 101,
AVG_ROW_LENGTH = 163,
CHARACTER SET utf8,
COLLATE utf8_spanish_ci;

--
-- Create index `cobertura` on table `coberturas`
--
ALTER TABLE coberturas
ADD UNIQUE INDEX cobertura (cobertura);

--
-- Create table `h_cubren`
--
CREATE TABLE h_cubren (
  idcobertura int(11) NOT NULL,
  idtipo int(11) NOT NULL,
  PRIMARY KEY (idcobertura, idtipo)
)
ENGINE = INNODB,
AVG_ROW_LENGTH = 163,
CHARACTER SET utf8,
COLLATE utf8_spanish_ci;

--
-- Create foreign key
--
ALTER TABLE h_cubren
ADD CONSTRAINT fkcoberturah_cubren FOREIGN KEY (idcobertura)
REFERENCES coberturas (idcobertura);

--
-- Create foreign key
--
ALTER TABLE h_cubren
ADD CONSTRAINT fktipos_cubren FOREIGN KEY (idtipo)
REFERENCES tipos (idtipo);

--
-- Create table `cubren`
--
CREATE TABLE cubren (
  idpoliza int(11) NOT NULL,
  idcobertura int(11) NOT NULL,
  importe_max float DEFAULT NULL,
  PRIMARY KEY (idpoliza, idcobertura)
)
ENGINE = INNODB,
AVG_ROW_LENGTH = 163,
CHARACTER SET utf8,
COLLATE utf8_spanish_ci;

--
-- Create foreign key
--
ALTER TABLE cubren
ADD CONSTRAINT fkcoberturacubren FOREIGN KEY (idcobertura)
REFERENCES coberturas (idcobertura);

--
-- Create foreign key
--
ALTER TABLE cubren
ADD CONSTRAINT fkpolizascobren FOREIGN KEY (idpoliza)
REFERENCES polizas (idpoliza);

-- 
-- Dumping data for table corredurias
--
INSERT INTO corredurias VALUES
(1, 'first', '+420 295 422 16', 'Conrad_Frizzell61@example.com'),
(2, 'ninety-ninth', '+44 5566 392240', 'Schuler@example.com'),
(3, 'fourth', '+971 8 048 7219', 'ZapataF@example.com'),
(4, 'second', '+55 29 3630-352', 'Sanford549@nowhere.com'),
(5, 'eighty-eighth', '+49 (5500) 7331', 'Barr@nowhere.com'),
(6, 'ninety-third', '+49-1062-507630', 'Almanza@example.com'),
(7, 'ninety-eighth', '+55 39 6042-406', 'Ron.Irish@example.com'),
(8, 'sixty-fifth', '+49-2188-583000', 'ktercnnp_okcisx@example.com'),
(9, 'seventy-seventh', '+420 170 634 68', 'mnksgeiq8021@example.com'),
(10, 'thirty-fifth', '+49 5152 604632', 'Atwood@nowhere.com'),
(11, 'eighth', '+33 2 44 76 96 ', 'Sima_Call6@example.com'),
(12, 'seventy-eighth', '+971 2 137 4844', 'Kirk.HKoehler@nowhere.com'),
(13, 'seventy-fourth', '+32 1 607 75 22', 'EdmundBenitez631@example.com'),
(14, 'sixty-seventh', '+380 62 567-971', 'Salley69@nowhere.com'),
(15, 'third', '+52 56 6775 230', 'Kiefer@nowhere.com'),
(16, 'fifty-eighth', '+32 7 342 78 63', 'ElmerFoley@example.com'),
(17, 'fifth', '+33 6 12 93 87 ', 'Brinkman28@example.com'),
(18, 'sixty-eighth', '+32 5 946 02 82', 'Almeida24@example.com'),
(19, 'ninety-fourth', '+32 7 501 19 41', 'LambF@nowhere.com'),
(20, 'thirty-seventh', '+971 5 204 5201', 'ShandraCarranza@nowhere.com'),
(21, 'sixth', '+420 300 967 64', 'JeraldAbraham529@example.com'),
(22, 'thirty-second', '+32 9 360 23 71', 'Abel5@example.com'),
(23, 'sixty-second', '+55 99 7197-269', 'Bachman@example.com'),
(24, 'seventy-sixth', '+49-3144-268759', 'FriedaAbreu99@example.com'),
(25, 'ninth', '+44 935 564 429', 'Barrett_Mcgowan@example.com'),
(26, 'twenty-eighth', '+44 0287 503175', 'rvxkhcgk5666@example.com'),
(27, 'thirty-first', '+380 39 864-139', 'Dodge@example.com'),
(28, 'fifty-second', '+52 59 5747 481', 'Perkins@example.com'),
(29, 'sixty-fourth', '+1 105-895-9434', 'NorrisBolt@example.com'),
(30, 'thirty-sixth', '+44 3709 869296', 'Barron@nowhere.com'),
(31, 'eighty-second', '+32 6 174 39 00', 'Duval@example.com'),
(32, 'twenty-fifth', '+49 (8454) 5656', 'Zenobia.Brunson@example.com'),
(33, 'twenty-third', '+44 2503 20 445', 'Adela_Alley61@example.com'),
(34, 'twenty-first', '+380 16 666-793', 'Abel313@example.com'),
(35, 'seventh', '+44 0904 63 218', 'Suggs@example.com'),
(36, 'twenty-sixth', '+32 0 771 81 94', 'Acker@example.com'),
(37, 'twenty-second', '+44 4744 72 836', 'aweyzjpd3111@example.com'),
(38, 'eighty-third', '+55 34 7756-116', 'Arthur@example.com'),
(39, 'twenty-ninth', '+55 99 0426-112', 'Ruffin@nowhere.com'),
(40, 'ninety-fifth', '+420 291 561 37', 'EleanoreYEscamilla158@example.com'),
(41, 'sixty-third', '+1 260-776-9055', 'JerroldSAkins@example.com'),
(42, 'seventy-first', '+32 9 271 54 28', 'Tackett@example.com'),
(43, 'eighty-first', '+44 622 188 770', 'Chasidy.Nye82@example.com'),
(44, 'thirty-ninth', '+49 (2039) 1321', 'wawwcqng.wmbvidy@example.com'),
(45, 'sixty-sixth', '+44 5882 195041', 'Abney@example.com'),
(46, 'ninety-second', '+44 814 711 924', 'Joseph.Trapp@example.com'),
(47, 'sixty-ninth', '+49 (9877) 9850', 'Calkins615@example.com'),
(48, 'eighty-seventh', '+44 3002 18 879', 'AntoineLittlefield@nowhere.com'),
(49, 'fifty-first', '+49-9203-793792', 'jfhbwpxk.jxmonkyjvl@example.com'),
(50, 'seventy-ninth', '+49-9241-116812', 'pqjndav80@example.com'),
(51, 'thirty-eighth', '+44 0543 26 323', 'VellaOlivo14@example.com'),
(52, 'eighty-fourth', '+49-5691-156090', 'Manson@example.com'),
(53, 'seventy-third', '+32 1 810 08 08', 'Julie_Ackerman45@nowhere.com'),
(54, 'eighty-fifth', '+49 (9319) 2132', 'Davina_Bragg91@example.com'),
(55, 'ninety-sixth', '+32 5 562 53 80', 'Buck.Y_Agnew669@example.com'),
(56, 'fifty-third', '+420 590 278 70', 'Hamblin72@nowhere.com'),
(57, 'fifty-ninth', '+55 48 3539-553', 'Mario_Bivens@nowhere.com'),
(58, 'thirty-third', '+420 369 243 20', 'Shila.Darnell546@example.com'),
(59, 'thirty-fourth', '+33 5 14 78 44 ', 'MayeAbrams@example.com'),
(60, 'fifty-sixth', '+44 7239 80 365', 'Jeffery_Nieves@example.com'),
(61, 'twenty-fourth', '+971 9 453 4113', 'DeanaAgee@example.com'),
(62, 'fifty-fifth', '+55 73 9984-321', 'ErasmoA_Armenta@nowhere.com'),
(63, 'fifty-seventh', '+420 784 103 13', 'wmunrid4218@example.com'),
(64, 'ninety-seventh', '+49 (6656) 9152', 'Hooks24@example.com'),
(65, 'fifty-fourth', '+49 9901 174376', 'Marge.Kee32@example.com');

-- 
-- Dumping data for table tipos
--
INSERT INTO tipos VALUES
(1, 'ID000'),
(2, 'ID001'),
(3, 'ID002'),
(4, 'ID003'),
(5, 'ID004'),
(6, 'ID005'),
(7, 'ID006'),
(8, 'ID007'),
(9, 'ID008'),
(10, 'ID009'),
(11, 'ID010'),
(12, 'ID011'),
(13, 'ID012'),
(14, 'ID013'),
(15, 'ID014'),
(16, 'ID015'),
(17, 'ID016'),
(18, 'ID017'),
(19, 'ID018'),
(20, 'ID019'),
(21, 'ID020'),
(22, 'ID021'),
(23, 'ID022'),
(24, 'ID023'),
(25, 'ID024'),
(26, 'ID025'),
(27, 'ID026'),
(28, 'ID027'),
(29, 'ID028'),
(30, 'ID029'),
(31, 'ID030'),
(32, 'ID031'),
(33, 'ID032'),
(34, 'ID033'),
(35, 'ID034'),
(36, 'ID035'),
(37, 'ID036'),
(38, 'ID037'),
(39, 'ID038'),
(40, 'ID039'),
(41, 'ID040'),
(42, 'ID041'),
(43, 'ID042'),
(44, 'ID043'),
(45, 'ID044'),
(46, 'ID045'),
(47, 'ID046'),
(48, 'ID047'),
(49, 'ID048'),
(50, 'ID049'),
(51, 'ID050'),
(52, 'ID051'),
(53, 'ID052'),
(54, 'ID053'),
(55, 'ID054'),
(56, 'ID055'),
(57, 'ID056'),
(58, 'ID057'),
(59, 'ID058'),
(60, 'ID059'),
(61, 'ID060'),
(62, 'ID061'),
(63, 'ID062'),
(64, 'ID063'),
(65, 'ID064'),
(66, 'ID065'),
(67, 'ID066'),
(68, 'ID067'),
(69, 'ID068'),
(70, 'ID069'),
(71, 'ID070'),
(72, 'ID071'),
(73, 'ID072'),
(74, 'ID073'),
(75, 'ID074'),
(76, 'ID075'),
(77, 'ID076'),
(78, 'ID077'),
(79, 'ID078'),
(80, 'ID079'),
(81, 'ID080'),
(82, 'ID081'),
(83, 'ID082'),
(84, 'ID083'),
(85, 'ID084'),
(86, 'ID085'),
(87, 'ID086'),
(88, 'ID087'),
(89, 'ID088'),
(90, 'ID089'),
(91, 'ID090'),
(92, 'ID091'),
(93, 'ID092'),
(94, 'ID093'),
(95, 'ID094'),
(96, 'ID095'),
(97, 'ID096'),
(98, 'ID097'),
(99, 'ID098'),
(100, 'ID099');

-- 
-- Dumping data for table exclusiones
--
INSERT INTO exclusiones VALUES
(20, '(212) 490-85-65'),
(55, '11 1971'),
(45, '1995 Ford F150'),
(32, '8 1965'),
(7, '911'),
(8, 'Alice in Wonderland'),
(6, 'Amy'),
(75, 'Ann'),
(74, 'Anthony'),
(89, 'Apple'),
(22, 'Arthur'),
(51, 'At home'),
(95, 'Austin'),
(81, 'Ballroom'),
(31, 'Baltimore'),
(40, 'Barcelona'),
(44, 'Batman'),
(38, 'Ben & Jerry''s'),
(66, 'Best Friend'),
(68, 'Bill'),
(71, 'Blond'),
(25, 'Blue'),
(76, 'Cannondale Trigger 2015'),
(39, 'Charleston County School'),
(78, 'Classmates'),
(3, 'Copacabana'),
(85, 'CrazyNut'),
(12, 'Daisy'),
(17, 'David'),
(19, 'Disneyland'),
(24, 'Emily'),
(96, 'Ernest Hemingway'),
(50, 'Fall'),
(23, 'Ford'),
(59, 'Friday'),
(37, 'Get the driver license'),
(13, 'Green'),
(5, 'Hawaii'),
(30, 'Housekeep'),
(65, 'I''ll be back!'),
(92, 'Indira Gandhi'),
(86, 'Internet'),
(11, 'Jane'),
(34, 'Jerry'),
(47, 'John'),
(14, 'Kate'),
(54, 'Las Vegas'),
(100, 'Lee'),
(80, 'Lisa'),
(26, 'London'),
(67, 'Luise'),
(97, 'M&M''s'),
(43, 'Madrid'),
(98, 'Margaret'),
(10, 'Mary'),
(82, 'Melbourne'),
(99, 'Miami Beach'),
(18, 'Michelle'),
(33, 'Mike'),
(29, 'Monaco'),
(49, 'Moon Stone'),
(88, 'Moore'),
(79, 'New York'),
(91, 'NY Public Primary School'),
(15, 'Oatmeal'),
(64, 'On the beach'),
(41, 'Paris'),
(56, 'Parker'),
(16, 'Pasadena'),
(69, 'Pensioner'),
(28, 'Pizza'),
(9, 'Pomona College'),
(72, 'Prague'),
(90, 'Pulp Fiction'),
(63, 'Razor'),
(62, 'Restaurant'),
(83, 'San Diego'),
(70, 'Santa Monica Blvd'),
(52, 'Sarah'),
(46, 'Sep 10'),
(53, 'Smith'),
(58, 'Snoop Dogg'),
(61, 'Steve Jobs'),
(77, 'Sunset Blvd'),
(48, 'Taylor'),
(2, 'Teddy Bear'),
(36, 'Thanksgiving Day'),
(94, 'The Bronx High School of Science'),
(27, 'The Earth rotates around the Sun'),
(1, 'The Matrix'),
(21, 'The Shelby Mustang'),
(87, 'The show must go on'),
(60, 'Tom'),
(84, 'Tom Cruise'),
(4, 'Venice Blvd.'),
(93, 'Vincent van Gogh'),
(73, 'Winnie the Pooh'),
(57, 'Woodbridge'),
(42, 'Woodside Park High School'),
(35, 'Yamaha YZF-R1 2007');

-- 
-- Dumping data for table aseguradoras
--
INSERT INTO aseguradoras VALUES
(23, 'Abrasive, Asbestos, And Miscellaneous'),
(96, 'Accident And Health Insurance And Medical'),
(3, 'Adhesives and Sealants'),
(52, 'Administration Of Social, Human Resource And'),
(45, 'Agricultural Production Crops'),
(5, 'Air and Gas Compressors'),
(50, 'Air and Water Resource and Solid Waste Management'),
(9, 'Animal Specialty Services, Except Veterinary'),
(82, 'Apparel, Piece Goods, And Notions'),
(8, 'Automobiles and Other Motor Vehicles'),
(61, 'Automotive Services, Except Repair'),
(42, 'Berry Crops'),
(1, 'Biological Products, Except Diagnostic Substances'),
(76, 'Books: Publishing, or Publishing and Printing'),
(30, 'Broiler, Fryer, and Roaster Chickens'),
(58, 'Business Services'),
(27, 'Cash Grains, Not Elsewhere Classified'),
(26, 'Cigarettes'),
(40, 'Clay, Ceramic, And Refractory Minerals'),
(84, 'Coin-Operated Laundries and Drycleaning'),
(41, 'Combination Utilities, Not Elsewhere Classified'),
(90, 'Commercial Photography'),
(44, 'Commodity Contracts Brokers and Dealers'),
(49, 'Construction Special Trade Contractors'),
(69, 'Cutlery, Handtools, And General Hardware'),
(62, 'Deep Sea Domestic Transportation Of Freight'),
(46, 'Dry, Condensed, and Evaporated Dairy Products'),
(51, 'Electric Lamp Bulbs and Tubes'),
(81, 'Electric Transmission And Distribution Equipment'),
(98, 'Electrometallurgical Products, Except Steel'),
(19, 'Executive Offices'),
(17, 'Ferroalloy Ores, Except Vanadium'),
(63, 'Food Preparations, Not Elsewhere Classified'),
(16, 'Foreign Banking And Branches And Agencies Of'),
(73, 'Forest Nurseries And Gathering Of Forest'),
(22, 'Frozen Specialties, Not Elsewhere Classified'),
(6, 'Fruit and Vegetable Markets'),
(47, 'Functions Related To Depository Banking'),
(11, 'Furniture'),
(24, 'Furniture Stores'),
(80, 'General Farms, Primarily Crop'),
(60, 'Grain Mill Products'),
(28, 'Greeting Cards'),
(78, 'Health Services'),
(48, 'Hosiery, Not Elsewhere Classified'),
(94, 'Hotels and Motels'),
(20, 'Hotels, Rooming Houses, Camps, And Other Lodging Places'),
(7, 'Household Audio And Video Equipment, And Audio'),
(97, 'Individual And Family Social Services'),
(65, 'Industrial Organic Chemicals'),
(100, 'Justice, Public Order, And Safety'),
(56, 'Legal Counsel and Prosecution'),
(15, 'Liquor Stores'),
(14, 'Logging'),
(64, 'Lumber And Other Construction Materials'),
(75, 'Medical And Dental Laboratories'),
(29, 'Membership Organizations, Not Elsewhere Classified'),
(77, 'Men''s and Boy''s Clothing and Furnishings'),
(72, 'Metal Stampings, Not Elsewhere Classified'),
(89, 'Miscellaneous Electrical Machinery, Equipment, and Supplies'),
(87, 'Miscellaneous Nonmetallic Minerals, Except'),
(91, 'Mobile Homes'),
(37, 'Mortgage Bankers and Loan Correspondents'),
(95, 'Motor Freight Transportation And Warehousing'),
(59, 'Motor Homes'),
(18, 'Motors and Generators'),
(54, 'Natural, Processed, and Imitation Cheese'),
(25, 'Office and Store Fixtures, Partitions, Shelving, and Lockers, Except Wood'),
(36, 'Organization Hotels And Lodging Houses, On'),
(67, 'Orthopedic, Prosthetic, and Surgical Appliances and Supplies'),
(13, 'Paints, Varnishes, Lacquers, Enamels, and Allied Products'),
(32, 'Paperboard Containers And Boxes'),
(85, 'Pens, Mechanical Pencils, and Parts'),
(55, 'Pens, Pencils, And Other Artists Materials'),
(57, 'Personnel Supply Services'),
(66, 'Poultry And Eggs'),
(83, 'Pressed and Blown Glass and Glassware, Not Elsewhere Classified'),
(53, 'Printed Circuit Boards'),
(38, 'Public Order and Safety, Not Elsewhere Classified'),
(68, 'Pulp Mills'),
(70, 'Radio and Television Repair Shops'),
(74, 'Railroad Equipment'),
(4, 'Real Estate'),
(2, 'Real Estate Agents and Managers'),
(31, 'Real Estate Investment Trusts'),
(86, 'Recreational Vehicle Dealers'),
(10, 'Refined Petroleum Pipelines'),
(79, 'Religious Organizations'),
(12, 'Rice'),
(71, 'Soybean Oil Mills'),
(39, 'Soybeans'),
(34, 'Speed Changers, Industrial High-Speed Drives, and Gears'),
(21, 'Theatrical Producers (Except Motion Picture) and Miscellaneous Theatrical Services'),
(88, 'Transportation Services'),
(43, 'Vitreous China Plumbing Fixtures and China and Earthenware Fittings and Bathroom Accessories'),
(35, 'Watches, Clocks, Clockwork Operated Devices, and Parts'),
(92, 'Water Transportation'),
(99, 'Water, Sewer, Pipeline, and Communications and Power Line Construction'),
(93, 'Women''s, Misses'', and Juniors'' Blouses and Shirts'),
(33, 'Wood Pallets and Skids');

-- 
-- Dumping data for table polizas
--
INSERT INTO polizas VALUES
(1, '1', 2379, 95),
(2, '2', 888, 15),
(3, '3', 701, 34),
(4, '4', 4189, 1),
(5, '5', 1484, 78);

-- 
-- Dumping data for table coberturas
--
INSERT INTO coberturas VALUES
(10, 'Almond'),
(25, 'Amaranth'),
(29, 'Amber'),
(37, 'AmericanRose'),
(52, 'Amethyst'),
(68, 'AndroidGreen'),
(78, 'AntiqueBrass'),
(24, 'BulgarianRose'),
(26, 'Burgundy'),
(36, 'Burlywood'),
(51, 'BurntOrange'),
(64, 'BurntSienna'),
(69, 'BurntUmber'),
(100, 'Byzantine'),
(6, 'Cyan'),
(11, 'Daffodil'),
(17, 'Dandelion'),
(45, 'DarkBlue'),
(56, 'DarkBrown'),
(62, 'DarkByzantium'),
(74, 'DarkCandyAppleRed'),
(84, 'DarkCerulean'),
(9, 'EarthYellow'),
(16, 'Ecru'),
(18, 'Eggplant'),
(53, 'Eggshell'),
(59, 'EgyptianBlue'),
(73, 'ElectricBlue'),
(82, 'ElectricCrimson'),
(2, 'LavenderRose'),
(14, 'LawnGreen'),
(35, 'Lemon'),
(43, 'LemonChiffon'),
(46, 'LemonLime'),
(40, 'LemonYellow'),
(70, 'LightApricot'),
(76, 'LightBlue'),
(83, 'LightBrown'),
(90, 'LightCarminePink'),
(93, 'LightCoral'),
(95, 'LightCornflowerBlue'),
(54, 'LightCrimson'),
(99, 'LightCyan'),
(63, 'LightThulianPink'),
(1, 'MediumTealBlue'),
(3, 'MediumTurquoise'),
(15, 'MediumVioletRed'),
(39, 'Melon'),
(41, 'MidnightBlue'),
(44, 'MidnightGreen'),
(48, 'MikadoYellow'),
(60, 'Mint'),
(66, 'MintCream'),
(72, 'MintGreen'),
(80, 'MistyRose'),
(87, 'Moccasin'),
(91, 'ModeBeige'),
(94, 'MoonstoneBlue'),
(97, 'MossGreen'),
(12, 'ParisGreen'),
(21, 'PastelBlue'),
(31, 'PastelBrown'),
(50, 'PastelGray'),
(57, 'PastelGreen'),
(75, 'PastelMagenta'),
(81, 'PastelOrange'),
(86, 'PastelPink'),
(4, 'Rose'),
(20, 'RoseBonbon'),
(30, 'RoseEbony'),
(49, 'RoseGold'),
(55, 'RoseMadder'),
(71, 'RosePink'),
(79, 'RoseQuartz'),
(85, 'RoseTaupe'),
(89, 'RoseVale'),
(7, 'Sand'),
(13, 'SandDune'),
(22, 'Sandstorm'),
(27, 'SandyBrown'),
(32, 'SandyTaupe'),
(34, 'SapGreen'),
(42, 'Sapphire'),
(58, 'SatinSheenGold'),
(65, 'Scarlet'),
(77, 'SchoolBusYellow'),
(92, 'ScreaminGreen'),
(98, 'SeaBlue'),
(8, 'TrueBlue'),
(19, 'TuftsBlue'),
(23, 'Tumbleweed'),
(28, 'TurkishRose'),
(33, 'Turquoise'),
(38, 'TurquoiseBlue'),
(47, 'TurquoiseGreen'),
(61, 'TuscanRed'),
(67, 'TwilightLavender'),
(88, 'TyrianPurple'),
(96, 'UltraPink'),
(5, 'ZinnwalditeBrown');

-- 
-- Dumping data for table representan
--
INSERT INTO representan VALUES
(1, 1),
(2, 1),
(2, 2),
(3, 2),
(3, 3),
(4, 3),
(4, 4),
(5, 4),
(5, 5),
(6, 5),
(6, 6),
(7, 6),
(7, 7),
(8, 7),
(8, 8),
(9, 8),
(9, 9),
(10, 9),
(10, 10),
(11, 10),
(11, 11),
(12, 11),
(12, 12),
(13, 12),
(13, 13),
(14, 13),
(14, 14),
(15, 14),
(15, 15),
(16, 15),
(16, 16),
(17, 16),
(17, 17),
(18, 17),
(18, 18),
(19, 18),
(19, 19),
(20, 19),
(20, 20),
(21, 20),
(21, 21),
(22, 21),
(22, 22),
(23, 22),
(23, 23),
(24, 23),
(24, 24),
(25, 24),
(25, 25),
(26, 25),
(26, 26),
(27, 26),
(27, 27),
(28, 27),
(28, 28),
(29, 28),
(29, 29),
(30, 29),
(30, 30),
(31, 30),
(31, 31),
(32, 31),
(32, 32),
(33, 32),
(33, 33),
(34, 33),
(34, 34),
(35, 34),
(35, 35),
(36, 35),
(36, 36),
(37, 37),
(38, 38),
(39, 39),
(40, 40),
(41, 41),
(42, 42),
(43, 43),
(44, 44),
(45, 45),
(46, 46),
(47, 47),
(48, 48),
(49, 49),
(50, 50),
(51, 51),
(52, 52),
(53, 53),
(54, 54),
(55, 55),
(56, 56),
(57, 57),
(58, 58),
(59, 59),
(60, 60),
(61, 61),
(62, 62),
(63, 63),
(64, 64),
(65, 65);

-- 
-- Dumping data for table ofertan
--
INSERT INTO ofertan VALUES
(1, 1, '1987-08-04'),
(2, 1, '1970-01-06'),
(2, 2, '1980-01-26'),
(3, 1, '1972-02-28'),
(3, 2, '2012-02-15'),
(3, 3, '1992-02-25'),
(4, 1, '2003-10-06'),
(4, 2, '1970-01-03'),
(4, 3, '1970-01-04'),
(4, 4, '1996-08-06'),
(5, 1, '2013-02-04'),
(5, 2, '1974-01-07'),
(5, 3, '1970-04-06'),
(5, 4, '2009-03-23'),
(5, 5, '2005-10-21'),
(6, 1, '1970-11-08'),
(6, 2, '1971-06-23'),
(6, 3, '1976-08-21'),
(6, 4, '1993-06-15'),
(6, 5, '1973-10-03'),
(7, 1, '2017-01-24'),
(7, 2, '2005-01-07'),
(7, 3, '1987-05-15'),
(7, 4, '1982-11-14'),
(7, 5, '1973-06-24'),
(8, 1, '1981-01-21'),
(8, 2, '2006-04-03'),
(8, 3, '1978-05-14'),
(8, 4, '1970-01-24'),
(8, 5, '1970-07-17'),
(9, 1, '1994-05-28'),
(9, 2, '2000-06-11'),
(9, 3, '1972-05-23'),
(9, 4, '1973-01-03'),
(9, 5, '1980-04-24'),
(10, 1, '2009-02-26'),
(10, 2, '1989-10-27'),
(10, 3, '2010-04-16'),
(10, 4, '1985-12-27'),
(10, 5, '1991-10-24'),
(11, 1, '1987-09-18'),
(11, 2, '1973-10-06'),
(11, 3, '1984-12-27'),
(11, 4, '2017-11-24'),
(11, 5, '1970-01-02'),
(12, 1, '1979-11-04'),
(12, 2, '1970-02-15'),
(12, 3, '1990-03-09'),
(12, 4, '1971-05-15'),
(12, 5, '1999-04-05'),
(13, 1, '2018-09-09'),
(13, 2, '1990-11-19'),
(13, 3, '1998-12-25'),
(13, 4, '1979-02-14'),
(13, 5, '1980-05-30'),
(14, 1, '1992-05-14'),
(14, 2, '1988-08-22'),
(14, 3, '1970-09-19'),
(14, 4, '2006-03-15'),
(14, 5, '1989-05-01'),
(15, 1, '1982-10-19'),
(15, 2, '1987-06-29'),
(15, 3, '1973-09-18'),
(15, 4, '2007-01-08'),
(15, 5, '2010-09-22'),
(16, 1, '1992-08-09'),
(16, 2, '1973-05-12'),
(16, 3, '1970-03-27'),
(16, 4, '1997-04-11'),
(16, 5, '1980-04-30'),
(17, 1, '1984-04-07'),
(17, 2, '1971-01-22'),
(17, 3, '1987-05-16'),
(17, 4, '1970-01-02'),
(17, 5, '2011-06-04'),
(18, 1, '2012-01-03'),
(18, 2, '2010-08-15'),
(18, 3, '1975-08-01'),
(18, 4, '1971-10-31'),
(18, 5, '1984-06-06'),
(19, 1, '1989-01-25'),
(19, 2, '1977-08-08'),
(19, 3, '1970-12-28'),
(19, 4, '2014-06-09'),
(19, 5, '1972-10-25'),
(20, 1, '1982-02-01'),
(20, 2, '1983-07-09'),
(20, 3, '1976-01-27'),
(20, 4, '2011-05-21'),
(20, 5, '2018-08-27'),
(21, 2, '1970-02-24'),
(21, 3, '1970-04-04'),
(21, 4, '1976-01-15'),
(21, 5, '1970-01-10'),
(22, 3, '1970-01-08'),
(22, 4, '1990-02-10'),
(22, 5, '2000-03-17'),
(23, 4, '1970-01-02'),
(23, 5, '1970-01-03'),
(24, 5, '2007-03-31');

-- 
-- Dumping data for table h_excluyen
--
INSERT INTO h_excluyen VALUES
(1, 1),
(2, 2),
(3, 3),
(4, 4),
(5, 5),
(6, 6),
(7, 7),
(8, 8),
(9, 9),
(10, 10),
(11, 11),
(12, 12),
(13, 13),
(14, 14),
(15, 15),
(16, 16),
(17, 17),
(18, 18),
(19, 19),
(20, 20),
(21, 21),
(22, 22),
(23, 23),
(24, 24),
(25, 25),
(26, 26),
(27, 27),
(28, 28),
(29, 29),
(30, 30),
(31, 31),
(32, 32),
(33, 33),
(34, 34),
(35, 35),
(36, 36),
(37, 37),
(38, 38),
(39, 39),
(40, 40),
(41, 41),
(42, 42),
(43, 43),
(44, 44),
(45, 45),
(46, 46),
(47, 47),
(48, 48),
(49, 49),
(50, 50),
(51, 51),
(52, 52),
(53, 53),
(54, 54),
(55, 55),
(56, 56),
(57, 57),
(58, 58),
(59, 59),
(60, 60),
(61, 61),
(62, 62),
(63, 63),
(64, 64),
(65, 65),
(66, 66),
(67, 67),
(68, 68),
(69, 69),
(70, 70),
(71, 71),
(72, 72),
(73, 73),
(74, 74),
(75, 75),
(76, 76),
(77, 77),
(78, 78),
(79, 79),
(80, 80),
(81, 81),
(82, 82),
(83, 83),
(84, 84),
(85, 85),
(86, 86),
(87, 87),
(88, 88),
(89, 89),
(90, 90),
(91, 91),
(92, 92),
(93, 93),
(94, 94),
(95, 95),
(96, 96),
(97, 97),
(98, 98),
(99, 99),
(100, 100);

-- 
-- Dumping data for table h_cubren
--
INSERT INTO h_cubren VALUES
(1, 1),
(2, 2),
(3, 3),
(4, 4),
(5, 5),
(6, 6),
(7, 7),
(8, 8),
(9, 9),
(10, 10),
(11, 11),
(12, 12),
(13, 13),
(14, 14),
(15, 15),
(16, 16),
(17, 17),
(18, 18),
(19, 19),
(20, 20),
(21, 21),
(22, 22),
(23, 23),
(24, 24),
(25, 25),
(26, 26),
(27, 27),
(28, 28),
(29, 29),
(30, 30),
(31, 31),
(32, 32),
(33, 33),
(34, 34),
(35, 35),
(36, 36),
(37, 37),
(38, 38),
(39, 39),
(40, 40),
(41, 41),
(42, 42),
(43, 43),
(44, 44),
(45, 45),
(46, 46),
(47, 47),
(48, 48),
(49, 49),
(50, 50),
(51, 51),
(52, 52),
(53, 53),
(54, 54),
(55, 55),
(56, 56),
(57, 57),
(58, 58),
(59, 59),
(60, 60),
(61, 61),
(62, 62),
(63, 63),
(64, 64),
(65, 65),
(66, 66),
(67, 67),
(68, 68),
(69, 69),
(70, 70),
(71, 71),
(72, 72),
(73, 73),
(74, 74),
(75, 75),
(76, 76),
(77, 77),
(78, 78),
(79, 79),
(80, 80),
(81, 81),
(82, 82),
(83, 83),
(84, 84),
(85, 85),
(86, 86),
(87, 87),
(88, 88),
(89, 89),
(90, 90),
(91, 91),
(92, 92),
(93, 93),
(94, 94),
(95, 95),
(96, 96),
(97, 97),
(98, 98),
(99, 99),
(100, 100);

-- 
-- Dumping data for table excluyen
--
INSERT INTO excluyen VALUES
(1, 1),
(1, 2),
(2, 2),
(1, 3),
(2, 3),
(3, 3),
(1, 4),
(2, 4),
(3, 4),
(4, 4),
(1, 5),
(2, 5),
(3, 5),
(4, 5),
(5, 5),
(1, 6),
(2, 6),
(3, 6),
(4, 6),
(5, 6),
(1, 7),
(2, 7),
(3, 7),
(4, 7),
(5, 7),
(1, 8),
(2, 8),
(3, 8),
(4, 8),
(5, 8),
(1, 9),
(2, 9),
(3, 9),
(4, 9),
(5, 9),
(1, 10),
(2, 10),
(3, 10),
(4, 10),
(5, 10),
(1, 11),
(2, 11),
(3, 11),
(4, 11),
(5, 11),
(1, 12),
(2, 12),
(3, 12),
(4, 12),
(5, 12),
(1, 13),
(2, 13),
(3, 13),
(4, 13),
(5, 13),
(1, 14),
(2, 14),
(3, 14),
(4, 14),
(5, 14),
(1, 15),
(2, 15),
(3, 15),
(4, 15),
(5, 15),
(1, 16),
(2, 16),
(3, 16),
(4, 16),
(5, 16),
(1, 17),
(2, 17),
(3, 17),
(4, 17),
(5, 17),
(1, 18),
(2, 18),
(3, 18),
(4, 18),
(5, 18),
(1, 19),
(2, 19),
(3, 19),
(4, 19),
(5, 19),
(1, 20),
(2, 20),
(3, 20),
(4, 20),
(5, 20),
(2, 21),
(3, 21),
(4, 21),
(5, 21),
(3, 22),
(4, 22),
(5, 22),
(4, 23),
(5, 23),
(5, 24);

-- 
-- Dumping data for table emiten
--
INSERT INTO emiten VALUES
(1, 1, 'Sharolyn Whatley', '1970-01-10', '1993-11-04'),
(2, 1, 'Chantelle Romero', '2011-09-26', '1970-03-21'),
(2, 2, 'Reid Mcmillen', '1970-01-07', '1995-05-19'),
(3, 1, 'Allene Foust', '2013-06-17', '1994-01-16'),
(3, 2, 'Natashia Blaylock', '2004-06-17', '1970-03-09'),
(3, 3, 'Agustin Shook', '1985-07-14', '1975-12-10'),
(4, 1, 'Abigail Mattson', '1985-05-27', '1977-07-25'),
(4, 2, 'Arielle Dietz', '1996-02-13', '2018-07-20'),
(4, 3, 'Man Temple', '1994-03-15', '2014-03-12'),
(4, 4, 'Ian Petrie', '1975-11-11', '1971-05-17'),
(5, 1, 'Royal Winchester', '1997-12-01', '1971-03-29'),
(5, 2, 'Courtney Abernathy', '1994-08-12', '2011-04-22'),
(5, 3, 'Malik Baez', '1974-09-11', '1970-01-09'),
(5, 4, 'Sergio Dunham', '1970-09-01', '1970-01-05'),
(5, 5, 'Brandon Mcfarlane', '2016-02-18', '2016-07-22'),
(6, 1, 'Adrian Bernal', '1983-10-18', '1977-04-20'),
(6, 2, 'Dane Humes', '1970-01-14', '2002-08-01'),
(6, 3, 'Parker Adamson', '1971-10-09', '2004-07-31'),
(6, 4, 'Thaddeus Varney', '2006-08-12', '1992-01-09'),
(6, 5, 'Herb Ballard', '1970-01-06', '2015-10-29'),
(7, 1, 'Lewis Rife', '1999-03-16', '1984-10-30'),
(7, 2, 'Lorina Strickland', '1972-08-21', '2007-11-04'),
(7, 3, 'Bo Braun', '2006-12-04', '1988-01-27'),
(7, 4, 'Claude Applegate', '1971-11-20', '1976-01-13'),
(7, 5, 'Pamelia Tejada', '1974-10-28', '1970-07-07'),
(8, 1, 'Terry Sikes', '2012-12-31', '2017-10-17'),
(8, 2, 'Ariel Leclair', '2003-03-20', '1999-01-11'),
(8, 3, 'Trevor Redman', '2009-08-02', '1979-05-15'),
(8, 4, 'Evan Fitts', '2008-09-07', '1970-04-08'),
(8, 5, 'Ariel Pederson', '1998-06-07', '2002-02-11'),
(9, 1, 'Rose Aiello', '1985-03-27', '1981-04-15'),
(9, 2, 'Alesia Pinkston', '2006-03-31', '1970-02-22'),
(9, 3, 'Phyliss Cromer', '1972-10-30', '1982-07-19'),
(9, 4, 'Dirk Mancini', '1970-03-01', '2016-08-16'),
(9, 5, 'Jermaine Mattingly', '1976-02-09', '1977-02-24'),
(10, 1, 'Quinn Casas', '1979-05-27', '1998-03-23'),
(10, 2, 'Stefan Apodaca', '1970-01-31', '1971-09-05'),
(10, 3, 'Elouise Drew', '2010-11-08', '1982-08-27'),
(10, 4, 'Romeo Logan', '2003-04-08', '1970-03-06'),
(10, 5, 'Kip Urbina', '2016-09-17', '2006-09-05'),
(11, 1, 'Lucien Mata', '1970-01-09', '1982-10-12'),
(11, 2, 'Herman Abbott', '1981-06-11', '1970-01-03'),
(11, 3, 'Ali Aguiar', '2006-09-05', '1972-08-16'),
(11, 4, 'Shiela Conklin', '2016-06-09', '2011-01-29'),
(11, 5, 'Bobbye Berry', '1970-04-08', '1989-03-25'),
(12, 1, 'Quintin Jaeger', '1992-05-20', '1990-02-19'),
(12, 2, 'Ada Horsley', '1971-06-25', '1973-09-01'),
(12, 3, 'Delmar Cintron', '1980-09-28', '1970-02-10'),
(12, 4, 'Abram Mohr', '1996-11-06', '2015-06-18'),
(12, 5, 'Reiko Ramos', '1984-07-04', '1997-01-06'),
(13, 1, 'Cameron Stover', '1970-03-14', '1977-06-18'),
(13, 2, 'Kieth Bedard', '2008-02-01', '1997-03-12'),
(13, 3, 'Herbert Dwyer', '2015-09-12', '1970-03-31'),
(13, 4, 'Don Acevedo', '1998-05-23', '2000-10-30'),
(13, 5, 'Antione Baughman', '1993-05-07', '1986-04-16'),
(14, 1, 'Yetta Byrne', '1972-10-07', '1999-07-16'),
(14, 2, 'Vanesa Alvarado', '1972-06-13', '1971-03-19'),
(14, 3, 'Ashley Otoole', '1970-01-05', '2008-05-22'),
(14, 4, 'Albina Wester', '1970-12-25', '1996-09-06'),
(14, 5, 'Tracey Ackerman', '2009-07-05', '2003-07-10'),
(15, 1, 'Gilbert Bundy', '1971-11-09', '1970-04-07'),
(15, 2, 'Antonio Hutchings', '1970-01-02', '1970-01-08'),
(15, 3, 'Wyatt Herrington', '1986-04-25', '1983-05-25'),
(15, 4, 'Lawana Stephen', '1992-04-30', '1981-06-22'),
(15, 5, 'Lonna Dion', '2002-10-05', '2005-04-30'),
(16, 1, 'Parthenia Desantis', '1971-01-18', '1971-07-29'),
(16, 2, 'Edmund Blevins', '2005-05-20', '2010-08-25'),
(16, 3, 'Gale Beaty', '2019-07-23', '1970-07-28'),
(16, 4, 'Theodora Kuykendall', '1988-10-31', '2006-12-19'),
(16, 5, 'Adam Mintz', '1979-10-11', '1989-12-13'),
(17, 1, 'Adele Fairbanks', '1970-03-25', '1994-10-06'),
(17, 2, 'Adan David', '1992-04-04', '2015-09-12'),
(17, 3, 'Mickey Ahern', '1988-01-23', '1987-04-11'),
(17, 4, 'Gerry Rich', '1986-07-23', '2009-09-23'),
(17, 5, 'Chana Jacobson', '1970-02-23', '1990-02-04'),
(18, 1, 'Felecia Bannister', '1970-02-27', '2006-02-01'),
(18, 2, 'Bryce Abrams', '2006-04-22', '1994-04-09'),
(18, 3, 'Elyse Rader', '1994-03-06', '1992-12-02'),
(18, 4, 'Karan Beltran', '1988-11-12', '1993-03-11'),
(18, 5, 'Dawn Plunkett', '2010-03-17', '1971-07-14'),
(19, 1, 'Tosha Dozier', '2009-03-28', '1997-09-30'),
(19, 2, 'Olinda Loper', '1995-10-22', '1985-01-22'),
(19, 3, 'Candice Grogan', '1970-01-06', '1993-07-30'),
(19, 4, 'Flossie Lear', '1997-04-07', '1992-09-01'),
(19, 5, 'Emily Falk', '1980-06-25', '1971-12-11'),
(20, 1, 'Arlen Pape', '1975-05-11', '2012-07-07'),
(20, 2, 'Darcel Crain', '1996-12-17', '2004-11-29'),
(20, 3, 'Marya Treadwell', '2017-07-23', '1989-07-09'),
(20, 4, 'Chadwick Keating', '1981-12-29', '2010-03-29'),
(20, 5, 'Emilio Aguilera', '1997-05-23', '1996-11-15'),
(21, 2, 'Elwood Ligon', '2010-10-11', '2016-06-21'),
(21, 3, 'Conchita Abel', '1971-09-15', '2014-09-08'),
(21, 4, 'Mckinley Perryman', '1997-09-04', '1970-01-10'),
(21, 5, 'Adriene Contreras', '2006-02-26', '1970-01-09'),
(22, 3, 'Hayden Prichard', '1972-07-03', '1978-08-14'),
(22, 4, 'Janelle Amato', '1978-06-15', '1970-01-07'),
(22, 5, 'Herschel Samples', '1971-07-21', '2010-12-19'),
(23, 4, 'Demarcus Stoddard', '1998-01-10', '1970-01-01'),
(23, 5, 'Masako Minor', '1978-11-25', '1990-12-21'),
(24, 5, 'Kareem Yazzie', '2009-04-15', '2016-06-05');

-- 
-- Dumping data for table cubren
--
INSERT INTO cubren VALUES
(1, 1, 51352),
(1, 2, 13990),
(1, 3, 51695),
(1, 4, 14593),
(1, 5, 5945),
(1, 6, 36018),
(1, 7, 25720),
(1, 8, 20398),
(1, 9, 54641),
(1, 10, 39151),
(1, 11, 11060),
(1, 12, 9837),
(1, 13, 66638),
(1, 14, 30698),
(1, 15, 30621),
(1, 16, 25565),
(1, 17, 63659),
(1, 18, 43652),
(1, 19, 66212),
(1, 20, 11658),
(2, 2, 6423),
(2, 3, 20074),
(2, 4, 84011),
(2, 5, 80479),
(2, 6, 42974),
(2, 7, 12094),
(2, 8, 62538),
(2, 9, 58257),
(2, 10, 71825),
(2, 11, 55562),
(2, 12, 53976),
(2, 13, 27785),
(2, 14, 432),
(2, 15, 75941),
(2, 16, 59911),
(2, 17, 22039),
(2, 18, 46462),
(2, 19, 24286),
(2, 20, 49517),
(2, 21, 71168),
(3, 3, 69117),
(3, 4, 30605),
(3, 5, 51326),
(3, 6, 44829),
(3, 7, 72998),
(3, 8, 66303),
(3, 9, 50365),
(3, 10, 79770),
(3, 11, 88330),
(3, 12, 32119),
(3, 13, 15387),
(3, 14, 69368),
(3, 15, 44067),
(3, 16, 13937),
(3, 17, 68917),
(3, 18, 21457),
(3, 19, 33446),
(3, 20, 50579),
(3, 21, 50976),
(3, 22, 33972),
(4, 4, 86217),
(4, 5, 70291),
(4, 6, 31673),
(4, 7, 20228),
(4, 8, 32970),
(4, 9, 3732),
(4, 10, 16215),
(4, 11, 43687),
(4, 12, 2427),
(4, 13, 20279),
(4, 14, 84809),
(4, 15, 22546),
(4, 16, 79219),
(4, 17, 43402),
(4, 18, 23899),
(4, 19, 44561),
(4, 20, 69333),
(4, 21, 77803),
(4, 22, 56299),
(4, 23, 49974),
(5, 5, 26031),
(5, 6, 87491),
(5, 7, 20338),
(5, 8, 52703),
(5, 9, 48137),
(5, 10, 60031),
(5, 11, 61030),
(5, 12, 4122),
(5, 13, 51912),
(5, 14, 66015),
(5, 15, 65335),
(5, 16, 8716),
(5, 17, 12692),
(5, 18, 41172),
(5, 19, 43961),
(5, 20, 20923),
(5, 21, 65825),
(5, 22, 84799),
(5, 23, 76917),
(5, 24, 84511);

-- 
-- Restore previous SQL mode
-- 
/*!40101 SET SQL_MODE=@OLD_SQL_MODE */;

-- 
-- Enable foreign keys
-- 
/*!40014 SET FOREIGN_KEY_CHECKS = @OLD_FOREIGN_KEY_CHECKS */;